mean_difference,t,p,p_adjusted,cohens_d,significant
0.1508330581,6.03862463,2.534279123e-07,1.031813643e-06,1.743200778,1
0.1917645768,9.62168474,1.367578047e-12,9.743993588e-12,2.777541137,1
0.1660284683,8.305785507,1.051689103e-10,5.289377548e-10,2.397673749,1
-0.0008078707794,-0.1341312075,0.8938839646,0.9736678387,-0.03872034438,0
-0.01927972245,-1.109946849,0.2727906908,0.5620145557,-0.3204140559,0
0.1624861995,8.659222306,3.217612782e-11,1.71941183e-10,2.499702165,1
0.1732546042,10.53396397,7.582926256e-14,6.483401949e-13,3.040893467,1
0.01249995024,1.170008675,0.2480238608,0.5301510025,0.3377524118,0
0.001886487215,0.1110756475,0.912039601,0.9736678387,0.03206477749,0
0.1885998441,14.31379271,1.464534854e-18,3.083199908e-17,4.132036038,1
0.1901603883,16.86852973,2.513892119e-21,1.074688881e-19,4.86952509,1
0.002987618314,0.1447868339,0.8855117043,0.9736678387,0.04179635875,0
-0.009045175773,-1.062044551,0.2937595986,0.584103388,-0.3065858536,0
0.01535040875,0.8837953665,0.3814026606,0.6865247891,0.2551297464,0
-0.00587272954,-0.6321004885,0.5304505016,0.7687036929,-0.1824716936,0
0.1772788282,9.705251709,1.044820347e-12,7.768012143e-12,2.801664843,1
0.1953019459,15.18150911,1.552948979e-19,3.793632506e-18,4.382524186,1
0.001581344864,0.0804867657,0.9361992824,0.9761590079,0.02323452792,0
0.1864603953,14.27492214,1.622736794e-18,3.083199908e-17,4.120815071,1
0.1210227797,4.366972288,7.089990716e-05,0.0002694196472,1.260636313,1
-0.007781209003,-0.4324370799,0.6674443778,0.864643853,-0.1248338322,0
-0.0321776344,-1.977875526,0.05395125846,0.180895396,-0.5709634837,0
0.1830025803,11.76907612,1.788228411e-15,2.038580389e-14,3.397439633,1
0.1651958627,9.194163061,5.49088198e-12,3.477558588e-11,2.654126259,1
-0.02756454111,-2.368610826,0.02211115791,0.08219582616,-0.683759049,0
-0.01227876122,-1.362471449,0.1796830685,0.4389400672,-0.3933116289,0
0.1615082459,8.278742074,1.15200762e-10,5.628380088e-10,2.389866982,1
0.1783527429,7.823596446,5.388773735e-10,2.559667524e-09,2.258477757,1
-0.005458828975,-0.5665152079,0.5737974596,0.8020719378,-0.1635388539,0
-0.01209099936,-2.093900531,0.04180844188,0.1521115651,-0.6044570177,0
-0.01650048682,-1.518203879,0.1358065006,0.3628579939,-0.4382677091,0
-0.005053040105,-0.517251295,0.6074591929,0.8020719378,-0.1493175872,0
0.1666200539,9.330072106,3.521532236e-12,2.40872805e-11,2.693359821,1
0.152789514,6.659385697,2.959026608e-08,1.23413061e-07,1.922399062,1
0.0004011176612,0.03016822401,0.9760634039,0.9876144501,0.008708816127,0
0.1925630374,16.88746823,2.404264219e-21,1.074688881e-19,4.874992165,1
-0.01822408578,-1.559815048,0.1256578247,0.352253902,-0.450279819,0
-0.007016175555,-0.8036464167,0.4257347137,0.7177871942,-0.2319927375,0
0.2055285723,12.60710168,1.573546197e-16,2.06981846e-15,3.639356774,1
0.180733424,11.244731,8.567761577e-15,8.618160174e-14,3.246074236,1
0.001563671591,0.1059757154,0.9160624255,0.9736678387,0.0305925539,0
-0.01171068569,-0.7462696383,0.4593016215,0.7409488422,-0.2154294883,0
0.1818872034,16.0649888,1.725047769e-20,5.899663369e-19,4.637562804,1
0.1832703463,10.00944344,3.949844288e-13,3.216301777e-12,2.889477432,1
-0.0003247201855,-0.03552673124,0.9718134536,0.9876144501,-0.01025568392,0
-0.0158656508,-1.051863217,0.2983567294,0.5858456112,-0.3036467556,0
0.01268924582,0.7188680048,0.4758582797,0.7604837928,0.207519318,0
-0.009612902312,-0.6110609311,0.5441671596,0.7819544898,-0.1763980965,0
0.1824791551,12.89708631,6.929353529e-17,9.874328778e-16,3.723068126,1
0.199925941,9.019909037,9.734222966e-12,5.944829026e-11,2.603823455,1
0.0158065406,0.9668651792,0.3386675119,0.6294798319,0.2791099358,0
-0.01130128177,-0.5601294914,0.5781089263,0.8020719378,-0.1616954563,0
-0.02573675326,-1.261186219,0.2136005508,0.4935904621,-0.3640731015,0
0.1512851564,6.95261338,1.073274169e-08,4.588247073e-08,2.007046603,1
0.1832672318,15.52713603,6.506637213e-20,1.854391606e-18,4.482298083,1
-0.01272001003,-0.9758948141,0.3342210098,0.6280416777,-0.2817165668,0
-0.002308865282,-0.1879737053,0.8517240328,0.9736678387,-0.05426333468,0
0.1675355351,10.71505318,4.324081564e-14,3.891673408e-13,3.093169419,1
0.1601610244,9.251709894,4.548289039e-12,2.991374714e-11,2.670738599,1
-0.01849824447,-1.095321203,0.2790778125,0.5681226897,-0.3161919958,0
0.0002138245869,0.02020342488,0.9839684778,0.9897565276,0.005832226397,0
-0.02551738581,-1.600588225,0.1163145189,0.3314963787,-0.4620500213,0
-0.01021802896,-0.7762872627,0.4415527505,0.7243152553,-0.22409483,0
0.1531461946,11.45970693,4.487700805e-15,4.796230235e-14,3.308132439,1
0.1863667073,13.02293459,4.870205789e-17,7.570956272e-16,3.759397395,1
-0.002780977975,-0.1972462574,0.8445038193,0.9736678387,-0.0569400899,0
0.01006643166,0.5279592116,0.6000654065,0.8020719378,0.1524086965,0
-0.03076375971,-2.053588061,0.04572571715,0.1590651298,-0.59281981,0
-0.01134163655,-0.7708198833,0.4447549814,0.7243152553,-0.2225165336,0
0.006225150684,0.5139281998,0.6097622919,0.8020719378,0.1483582923,0
0.0009327246239,0.1240229647,0.9018374578,0.9736678387,0.03580234603,0
-0.01426216528,-0.7878106504,0.4348483658,0.7219327238,-0.2274213455,0
-0.003177053769,-0.3059657867,0.7610111789,0.950740869,-0.08832471465,0
-0.01385592753,-0.6503776442,0.5186836265,0.762749048,-0.187747854,0
-0.001997418059,-0.09917551193,0.921429861,0.9736678387,-0.02862950425,0
-0.001001060055,-0.1313666565,0.8960581439,0.9736678387,-0.03792228725,0
0.0003508676216,0.04051758823,0.9678558356,0.9876144501,0.01169642024,0
0.009734790425,0.860381409,0.3940411024,0.7017070183,0.248370719,0
-0.02360064781,-2.060515316,0.0450306592,0.1590651298,-0.5948195361,0
0.001252173428,0.1937992982,0.8471863061,0.9736678387,0.05594503848,0
-0.009394470011,-0.6453898187,0.5218809276,0.762749048,-0.1863079928,0
-0.02330265437,-1.278374385,0.2075302152,0.4861324219,-0.3690348975,0
-0.00481487579,-0.7018060206,0.4863359989,0.762749048,-0.2025939475,0
-0.02846193609,-1.526220958,0.1338018901,0.3628579939,-0.4405820405,0
-0.02530646491,-1.69930824,0.09601523784,0.2880457135,-0.490548035,0
-0.02544063305,-1.195870577,0.2378752973,0.5214958441,-0.3452180999,0
-0.03905589103,-1.64834413,0.106096511,0.3075000573,-0.4758359637,0
0.002905849209,0.2070726608,0.8368670536,0.9736678387,0.05977672822,0
-0.02115868278,-1.736342738,0.08919717634,0.2773221301,-0.5012389736,0
-0.01244072812,-1.425141612,0.1608664884,0.4064273046,-0.4114029465,0
-0.01251792064,-1.076416041,0.2873544079,0.578089456,-0.3107345455,0
0.002413650349,0.1963083162,0.8452335593,0.9736678387,0.05666932961,0
-0.001301480369,-0.2082732266,0.8359350842,0.9736678387,-0.06012330173,0
0.165300027,7.682385833,8.725802147e-10,4.032735587e-09,2.217713764,1
-0.001812444642,-0.1061628121,0.9159148037,0.9736678387,-0.03064656408,0
-0.0184571934,-1.243987834,0.2198059674,0.4945634266,-0.3591083553,0
0.1904149341,12.47931325,2.266272838e-16,2.768090395e-15,3.602467433,1
0.1529592737,7.585867829,1.213998437e-09,5.462992967e-09,2.189851416,1
0.009799678729,1.15229843,0.255151857,0.5386539204,0.3326399043,0
-0.01356951461,-0.5887118693,0.5589344929,0.7898991594,-0.1699464781,0
0.005284066417,0.2977105466,0.7672645609,0.950740869,0.08594163212,0
-0.0151054074,-0.8382024863,0.4062514317,0.7017070183,-0.2419682156,0
0.1702774304,8.816830808,1.905075109e-11,1.085892812e-10,2.54519982,1
0.1668261134,8.561274286,4.46217714e-11,2.312219064e-10,2.471427007,1
-0.008144187244,-0.5038668054,0.6167597342,0.8050833171,-0.1454538179,0
0.001925122528,0.2321269314,0.8174690538,0.9736678387,0.06700927315,0
0.001892736471,0.1519843171,0.8798639512,0.9736678387,0.0438740932,0
0.1386531234,4.953805518,1.026265377e-05,3.988440441e-05,1.430040475,1
0.1472914534,6.005341693,2.842868392e-07,1.130536035e-06,1.733592821,1
-0.0005068901701,-0.06007950345,0.9523525777,0.9869835806,-0.01734345874,0
-0.008884375901,-0.8453967886,0.4022653551,0.7017070183,-0.2440450317,0
-0.003714820648,-0.2432785248,0.8088712743,0.9736678387,-0.07022846088,0
0.0008663066129,0.09594421843,0.9239816495,0.9736678387,0.02769671017,0
0.1853971004,13.30519789,2.224279456e-17,3.803517869e-16,3.840879792,1
0.1672880038,8.907327655,1.411644165e-11,8.323832837e-11,2.57132401,1
0.006585545392,0.4142205967,0.6806377693,0.8751057034,0.1195751865,0
-0.03943558853,-2.045878063,0.04651027189,0.1590651298,-0.5905941253,0
-0.01298669368,-1.415481228,0.1636625171,0.4064273046,-0.4086142339,0
0.011590745,1.042749507,0.3025136862,0.5858456112,0.3010158544,0
0.01536938755,1.185259301,0.2420020751,0.5238272764,0.3421548883,0
-0.01774812369,-1.33688901,0.1878332406,0.4523871007,-0.3859266148,0
-0.01315836721,-0.6475274092,0.5205094062,0.762749048,-0.186925062,0
0.01468758728,0.5145443087,0.6093349899,0.8020719378,0.1485361476,0
-0.01313310064,-0.6776233905,0.5014047137,0.762749048,-0.1956130234,0
-0.0003540699218,-0.03274116598,0.9740226516,0.9876144501,-0.009451560496,0
-0.00453485756,-0.2819713984,0.7792301859,0.9586213078,-0.08139813138,0
0.0008505391814,0.1054528797,0.9164749654,0.9736678387,0.03044162424,0
0.006745723304,0.5995120013,0.5517731555,0.7862767467,0.1730642077,0
0.02558055979,1.680942895,0.09955291896,0.293509468,0.4852464164,0
0.001946425301,0.161064004,0.8727482932,0.9736678387,0.04649517305,0
-0.02582011708,-1.28880539,0.2039098561,0.4842859082,-0.3720460693,0
-0.01315193953,-0.5290305644,0.5993279598,0.8020719378,-0.1527179694,0
-0.02495634041,-1.478022765,0.1462166498,0.3846622632,-0.4266684207,0
0.003477891896,0.332539453,0.7409926775,0.9385907249,0.09599587135,0
0.01430245393,1.138402288,0.2608468867,0.5439611905,0.3286284336,0
0.1588548108,7.568908238,1.286604797e-09,5.641267189e-09,2.184955604,1
0.001258589,0.1352195735,0.8930282448,0.9736678387,0.03903452858,0
0.005924667506,0.6503308208,0.5187135926,0.762749048,0.1877343372,0
-0.03522626771,-1.528218083,0.1333062197,0.3628579939,-0.4411585609,0
-0.007516616846,-0.648507117,0.5198814476,0.762749048,-0.1872078793,0
0.1700791994,11.09242586,1.359592521e-14,1.291612895e-13,3.202107528,1
0.1835583978,19.10943175,1.635910975e-23,2.797407767e-21,5.516417782,1
0.008092680043,0.5143769591,0.6094510415,0.8020719378,0.1484878379,0
-0.004607914193,-0.8163204112,0.4185243147,0.7156765781,-0.2356514046,0
-0.01781803568,-1.246129339,0.2190260757,0.4945634266,-0.3597265546,0
-0.0213437656,-0.8982033276,0.373754657,0.6799153867,-0.2592889665,0
-0.002443661818,-0.1637872981,0.8706161189,0.9736678387,-0.04728132033,0
0.1594444194,9.90476469,5.5131989e-13,4.285259145e-12,2.85925928,1
0.1763925074,17.17371473,1.230873588e-21,1.052396917e-19,4.957624412,1
-0.003161075067,-0.1333416807,0.8945048042,0.9736678387,-0.03849242763,0
0.02378451301,1.708320564,0.09431758994,0.2880054979,0.4931496688,0
-0.03491458486,-1.836251843,0.07278801436,0.2348443482,-0.5300802478,0
0.009313075212,0.8397607746,0.4053859857,0.7017070183,0.2424180546,0
-0.006242023439,-0.3361722086,0.7382697094,0.9385907249,-0.09704455756,0
-0.00881410339,-0.6684418179,0.5071921697,0.762749048,-0.1929625318,0
0.0007481686093,0.09071094446,0.9281161269,0.9736678387,0.0261859941,0
0.005100675159,0.5159285563,0.6083754477,0.8020719378,0.1489357454,0
-0.01639959226,-0.981877763,0.3312963091,0.6280416777,-0.2834436954,0
-0.004093732032,-0.7994234289,0.4281537649,0.7177871942,-0.2307736659,0
-0.006522365397,-0.6744596345,0.5033948486,0.762749048,-0.1946997258,0
-0.01396839224,-0.6491177563,0.5194902534,0.762749048,-0.1873841557,0
-0.02236313724,-1.03752665,0.3049137976,0.5858456112,-0.2995081455,0
-0.02354240025,-1.745541417,0.08756758054,0.2772973384,-0.5038944034,0
0.01651749833,1.419681885,0.1624420956,0.4064273046,0.4098268593,0
-0.01417344869,-1.22683921,0.2261254807,0.5021747687,-0.3541579742,0
-0.01698381761,-1.414334266,0.1639969826,0.4064273046,-0.4082831346,0
-0.01145836556,-1.850298271,0.07069937964,0.2324921908,-0.5341351023,0
0.0002149657792,0.01174912112,0.9906765827,0.9906765827,0.003391679121,0
0.1722890739,8.782626281,2.134105623e-11,1.177200198e-10,2.535325824,1
-0.004937017675,-0.304449319,0.7621587157,0.950740869,-0.08788694815,0
0.01895813261,0.9045671471,0.3704080507,0.6799153867,0.2611260429,0
